key,provisional_key,source,entry_type
art0001,cinii_supp-000001,cinii_supp,article
art0002,cinii_supp-000002,cinii_supp,article
art0003,cinii_supp-000003,cinii_supp,article
art0004,cinii_supp-000004,cinii_supp,article
art0005,cinii_supp-000005,cinii_supp,article
art0006,cinii_supp-000006,cinii_supp,article
art0007,cinii_supp-000007,cinii_supp,article
art0008,cinii_supp-000008,cinii_supp,article
art0009,cinii_supp-000009,cinii_supp,article
art0010,cinii_supp-000010,cinii_supp,article
art0011,cinii_supp-000011,cinii_supp,article
art0012,cinii_supp-000012,cinii_supp,article
art0013,cinii_supp-000013,cinii_supp,article
art0014,cinii_supp-000014,cinii_supp,article
art0015,cinii_supp-000015,cinii_supp,article
art0016,cinii_supp-000016,cinii_supp,article
art0017,cinii_supp-000017,cinii_supp,article
art0018,cinii_supp-000018,cinii_supp,article
art0019,cinii_supp-000019,cinii_supp,article
art0020,cinii_supp-000020,cinii_supp,article
art0021,cinii_supp-000021,cinii_supp,article
art0022,cinii_supp-000022,cinii_supp,article
art0023,cinii_supp-000023,cinii_supp,article
art0024,cinii_supp-000024,cinii_supp,article
art0025,cinii_supp-000025,cinii_supp,article
art0026,cinii_supp-000026,cinii_supp,article
art0027,cinii_supp-000027,cinii_supp,article
art0028,cinii_supp-000028,cinii_supp,article
art0029,cinii_supp-000029,cinii_supp,article
art0030,cinii_supp-000030,cinii_supp,article
art0031,cinii_supp-000031,cinii_supp,article
art0032,cinii_supp-000032,cinii_supp,article
art0033,cinii_supp-000033,cinii_supp,article
art0034,cinii_supp-000034,cinii_supp,article
art0035,cinii_supp-000035,cinii_supp,article
art0036,cinii_supp-000036,cinii_supp,article
art0037,cinii_supp-000037,cinii_supp,article
art0038,cinii_supp-000038,cinii_supp,article
art0039,cinii_supp-000039,cinii_supp,article
art0040,cinii_supp-000040,cinii_supp,article
art0041,crossref-000001,crossref,article
art0042,crossref-000002,crossref,article
art0043,crossref-000003,crossref,article
art0044,crossref-000004,crossref,article
art0045,crossref-000005,crossref,article
art0046,crossref-000006,crossref,article
art0047,crossref-000007,crossref,article
art0048,crossref-000008,crossref,article
art0049,crossref-000009,crossref,article
art0050,crossref-000010,crossref,article
art0051,crossref-000011,crossref,article
art0052,crossref-000012,crossref,article
art0053,crossref-000013,crossref,article
art0054,crossref-000014,crossref,article
art0055,crossref-000015,crossref,article
art0056,crossref-000016,crossref,article
art0057,crossref-000017,crossref,article
art0058,crossref-000018,crossref,article
art0059,crossref-000019,crossref,article
art0060,crossref-000020,crossref,article
art0061,crossref-000021,crossref,article
art0062,crossref-000022,crossref,article
art0063,crossref-000023,crossref,article
art0064,crossref-000024,crossref,article
art0065,crossref-000025,crossref,article
art0066,crossref-000026,crossref,article
art0067,crossref-000027,crossref,article
art0068,crossref-000028,crossref,article
art0069,crossref-000029,crossref,article
art0070,crossref-000030,crossref,article
art0071,crossref-000031,crossref,article
art0072,crossref-000032,crossref,article
art0073,crossref-000033,crossref,article
art0074,crossref-000034,crossref,article
art0075,crossref-000035,crossref,article
art0076,crossref-000036,crossref,article
art0077,crossref-000037,crossref,article
art0078,crossref-000038,crossref,article
art0079,crossref-000039,crossref,article
art0080,crossref-000042,crossref,article
art0081,crossref-000043,crossref,article
art0082,crossref-000045,crossref,article
art0083,crossref-000046,crossref,article
art0084,crossref-000047,crossref,article
art0085,crossref-000048,crossref,article
art0086,crossref-000049,crossref,article
art0087,crossref-000050,crossref,article
art0088,crossref-000051,crossref,article
art0089,crossref-000052,crossref,article
art0090,crossref-000053,crossref,article
art0091,crossref-000054,crossref,article
art0092,crossref-000055,crossref,article
art0093,crossref-000056,crossref,article
art0094,crossref-000057,crossref,article
art0095,crossref-000058,crossref,article
art0096,crossref-000059,crossref,article
art0097,crossref-000060,crossref,article
art0098,jstage-000001,jstage,article
art0099,jstage-000002,jstage,article
art0100,jstage-000003,jstage,article
art0101,jstage-000004,jstage,article
art0102,jstage-000005,jstage,article
art0103,jstage-000006,jstage,article
art0104,jstage-000007,jstage,article
art0105,jstage-000008,jstage,article
art0106,jstage-000009,jstage,article
art0107,jstage-000010,jstage,article
art0108,jstage-000011,jstage,article
art0109,jstage-000012,jstage,article
art0110,jstage-000013,jstage,article
art0111,jstage-000014,jstage,article
art0112,jstage-000015,jstage,article
art0113,jstage-000016,jstage,article
art0114,jstage-000017,jstage,article
art0115,jstage-000018,jstage,article
art0116,jstage-000020,jstage,article
art0117,jstage-000021,jstage,article
art0118,jstage-000022,jstage,article
art0119,jstage-000023,jstage,article
art0120,jstage-000024,jstage,article
art0121,jstage-000025,jstage,article
art0122,jstage-000026,jstage,article
art0123,jstage-000027,jstage,article
art0124,jstage-000028,jstage,article
art0125,jstage-000029,jstage,article
art0126,jstage-000030,jstage,article
art0127,jstage-000031,jstage,article
art0128,jstage-000032,jstage,article
art0129,jstage-000033,jstage,article
art0130,jstage-000034,jstage,article
art0131,jstage-000035,jstage,article
art0132,jstage-000036,jstage,article
art0133,jstage-000037,jstage,article
art0134,jstage-000038,jstage,article
art0135,jstage-000039,jstage,article
art0136,jstage-000040,jstage,article
art0137,jstage-000041,jstage,article
art0138,jstage-000042,jstage,article
art0139,jstage-000043,jstage,article
art0140,jstage-000044,jstage,article
art0141,jstage-000045,jstage,article
art0142,jstage-000046,jstage,article
art0143,jstage-000047,jstage,article
art0144,jstage-000048,jstage,article
art0145,jstage-000049,jstage,article
art0146,jstage-000050,jstage,article
art0147,jstage-000051,jstage,article
art0148,jstage-000052,jstage,article
art0149,jstage-000053,jstage,article
art0150,jstage-000054,jstage,article
art0151,jstage-000055,jstage,article
art0152,jstage-000056,jstage,article
art0153,jstage-000057,jstage,article
art0154,jstage-000058,jstage,article
art0155,jstage-000059,jstage,article
art0156,jstage-000060,jstage,article
art0157,jstage-000061,jstage,article
art0158,jstage-000062,jstage,article
art0159,jstage-000063,jstage,article
art0160,jstage-000064,jstage,article
art0161,jstage-000065,jstage,article
art0162,jstage-000066,jstage,article
art0163,jstage-000067,jstage,article
art0164,jstage-000068,jstage,article
art0165,jstage-000069,jstage,article
art0166,jstage-000070,jstage,article
art0167,jstage-000071,jstage,article
art0168,jstage-000072,jstage,article
art0169,jstage-000073,jstage,article
art0170,jstage-000074,jstage,article
art0171,jstage-000075,jstage,article
art0172,jstage-000076,jstage,article
art0173,jstage-000077,jstage,article
art0174,jstage-000078,jstage,article
art0175,jstage-000079,jstage,article
art0176,jstage-000080,jstage,article
art0177,jstage-000081,jstage,article
art0178,jstage-000082,jstage,article
art0179,jstage-000083,jstage,article
art0180,jstage-000084,jstage,article
art0181,jstage-000085,jstage,article
art0182,jstage-000086,jstage,article
art0183,jstage-000087,jstage,article
art0184,jstage-000088,jstage,article
art0185,jstage-000089,jstage,article
art0186,jstage-000090,jstage,article
art0187,jstage-000091,jstage,article
art0188,jstage-000092,jstage,article
art0189,jstage-000093,jstage,article
art0190,jstage-000094,jstage,article
art0191,jstage-000095,jstage,article
art0192,jstage-000096,jstage,article
art0193,jstage-000097,jstage,article
art0194,jstage-000098,jstage,article
art0195,jstage-000099,jstage,article
art0196,jstage-000100,jstage,article
art0197,jstage-000101,jstage,article
art0198,jstage-000102,jstage,article
art0199,jstage-000103,jstage,article
art0200,jstage-000104,jstage,article
art0201,jstage-000105,jstage,article
art0202,jstage-000106,jstage,article
art0203,jstage-000107,jstage,article
art0204,jstage-000108,jstage,article
art0205,jstage-000109,jstage,article
art0206,jstage-000110,jstage,article
art0207,jstage-000111,jstage,article
art0208,jstage-000112,jstage,article
art0209,jstage-000113,jstage,article
art0210,jstage-000114,jstage,article
art0211,jstage-000115,jstage,article
art0212,jstage-000116,jstage,article
art0213,jstage-000117,jstage,article
art0214,jstage-000118,jstage,article
art0215,jstage-000119,jstage,article
art0216,jstage-000120,jstage,article
art0217,jstage-000121,jstage,article
art0218,jstage-000122,jstage,article
art0219,jstage-000123,jstage,article
art0220,jstage-000124,jstage,article
art0221,jstage-000125,jstage,article
art0222,jstage-000126,jstage,article
art0223,jstage-000127,jstage,article
art0224,jstage-000128,jstage,article
art0225,jstage-000129,jstage,article
art0226,jstage-000130,jstage,article
art0227,jstage-000131,jstage,article
art0228,jstage-000132,jstage,article
art0229,jstage-000133,jstage,article
art0230,jstage-000134,jstage,article
art0231,jstage-000135,jstage,article
art0232,jstage-000136,jstage,article
art0233,jstage-000137,jstage,article
art0234,jstage-000138,jstage,article
art0235,jstage-000139,jstage,article
art0236,jstage-000140,jstage,article
art0237,jstage-000141,jstage,article
art0238,jstage-000142,jstage,article
art0239,jstage-000143,jstage,article
art0240,jstage-000144,jstage,article
art0241,jstage-000145,jstage,article
art0242,jstage-000146,jstage,article
art0243,jstage-000147,jstage,article
art0244,jstage-000148,jstage,article
art0245,jstage-000149,jstage,article
art0246,jstage-000150,jstage,article
art0247,jstage-000151,jstage,article
art0248,jstage-000152,jstage,article
art0249,jstage-000153,jstage,article
art0250,jstage-000154,jstage,article
art0251,jstage-000155,jstage,article
art0252,jstage-000156,jstage,article
art0253,jstage-000157,jstage,article
art0254,jstage-000158,jstage,article
art0255,jstage-000159,jstage,article
art0256,jstage-000160,jstage,article
art0257,jstage-000161,jstage,article
art0258,jstage-000162,jstage,article
art0259,jstage-000163,jstage,article
art0260,jstage-000164,jstage,article
art0261,jstage-000165,jstage,article
art0262,jstage-000166,jstage,article
art0263,jstage-000167,jstage,article
art0264,jstage-000168,jstage,article
art0265,jstage-000169,jstage,article
art0266,jstage-000170,jstage,article
art0267,jstage-000171,jstage,article
art0268,jstage-000172,jstage,article
art0269,jstage-000173,jstage,article
art0270,jstage-000174,jstage,article
art0271,jstage-000175,jstage,article
art0272,jstage-000176,jstage,article
art0273,jstage-000177,jstage,article
art0274,jstage-000178,jstage,article
art0275,jstage-000179,jstage,article
art0276,jstage-000180,jstage,article
art0277,jstage-000181,jstage,article
art0278,jstage-000182,jstage,article
art0279,jstage-000183,jstage,article
art0280,jstage-000184,jstage,article
art0281,jstage-000185,jstage,article
art0282,jstage-000186,jstage,article
art0283,jstage-000187,jstage,article
art0284,jstage-000188,jstage,article
art0285,jstage-000189,jstage,article
art0286,jstage-000190,jstage,article
art0287,jstage-000191,jstage,article
art0288,jstage-000192,jstage,article
art0289,jstage-000193,jstage,article
art0290,jstage-000194,jstage,article
art0291,jstage-000195,jstage,article
art0292,jstage-000196,jstage,article
art0293,jstage-000197,jstage,article
art0294,jstage-000198,jstage,article
art0295,jstage-000199,jstage,article
art0296,jstage-000200,jstage,article
inp0001,anlp-000001,anlp,inproceedings
inp0002,anlp-000002,anlp,inproceedings
inp0003,anlp-000003,anlp,inproceedings
inp0004,anlp-000004,anlp,inproceedings
inp0005,anlp-000005,anlp,inproceedings
inp0006,anlp-000006,anlp,inproceedings
inp0007,anlp-000007,anlp,inproceedings
inp0008,anlp-000008,anlp,inproceedings
inp0009,anlp-000009,anlp,inproceedings
inp0010,anlp-000010,anlp,inproceedings
inp0011,anlp-000011,anlp,inproceedings
inp0012,anlp-000012,anlp,inproceedings
inp0013,anlp-000013,anlp,inproceedings
inp0014,anlp-000014,anlp,inproceedings
inp0015,anlp-000015,anlp,inproceedings
inp0016,anlp-000016,anlp,inproceedings
inp0017,anlp-000017,anlp,inproceedings
inp0018,anlp-000018,anlp,inproceedings
inp0019,anlp-000019,anlp,inproceedings
inp0020,anlp-000020,anlp,inproceedings
inp0021,anlp-000021,anlp,inproceedings
inp0022,anlp-000022,anlp,inproceedings
inp0023,anlp-000023,anlp,inproceedings
inp0024,anlp-000024,anlp,inproceedings
inp0025,anlp-000025,anlp,inproceedings
inp0026,anlp-000026,anlp,inproceedings
inp0027,anlp-000027,anlp,inproceedings
inp0028,anlp-000028,anlp,inproceedings
inp0029,anlp-000029,anlp,inproceedings
inp0030,anlp-000030,anlp,inproceedings
inp0031,anlp-000031,anlp,inproceedings
inp0032,anlp-000032,anlp,inproceedings
inp0033,anlp-000033,anlp,inproceedings
inp0034,anlp-000034,anlp,inproceedings
inp0035,anlp-000035,anlp,inproceedings
inp0036,anlp-000036,anlp,inproceedings
inp0037,anlp-000037,anlp,inproceedings
inp0038,anlp-000038,anlp,inproceedings
inp0039,anlp-000039,anlp,inproceedings
inp0040,anlp-000040,anlp,inproceedings
inp0041,anlp-000041,anlp,inproceedings
inp0042,anlp-000042,anlp,inproceedings
inp0043,anlp-000043,anlp,inproceedings
inp0044,anlp-000044,anlp,inproceedings
inp0045,anlp-000045,anlp,inproceedings
inp0046,anlp-000046,anlp,inproceedings
inp0047,anlp-000047,anlp,inproceedings
inp0048,anlp-000048,anlp,inproceedings
inp0049,anlp-000049,anlp,inproceedings
inp0050,anlp-000050,anlp,inproceedings
inp0051,anlp-000051,anlp,inproceedings
inp0052,anlp-000052,anlp,inproceedings
inp0053,anlp-000053,anlp,inproceedings
inp0054,anlp-000054,anlp,inproceedings
inp0055,anlp-000055,anlp,inproceedings
inp0056,anlp-000056,anlp,inproceedings
inp0057,anlp-000057,anlp,inproceedings
inp0058,anlp-000058,anlp,inproceedings
inp0059,anlp-000059,anlp,inproceedings
inp0060,anlp-000060,anlp,inproceedings
inp0061,cinii_supp-000041,cinii_supp,inproceedings
inp0062,cinii_supp-000042,cinii_supp,inproceedings
inp0063,cinii_supp-000043,cinii_supp,inproceedings
inp0064,cinii_supp-000044,cinii_supp,inproceedings
inp0065,cinii_supp-000045,cinii_supp,inproceedings
inp0066,cinii_supp-000046,cinii_supp,inproceedings
inp0067,cinii_supp-000047,cinii_supp,inproceedings
inp0068,cinii_supp-000048,cinii_supp,inproceedings
inp0069,cinii_supp-000049,cinii_supp,inproceedings
inp0070,cinii_supp-000050,cinii_supp,inproceedings
inp0071,cinii_supp-000051,cinii_supp,inproceedings
inp0072,cinii_supp-000052,cinii_supp,inproceedings
inp0073,cinii_supp-000053,cinii_supp,inproceedings
inp0074,cinii_supp-000054,cinii_supp,inproceedings
inp0075,cinii_supp-000055,cinii_supp,inproceedings
inp0076,cinii_supp-000056,cinii_supp,inproceedings
inp0077,cinii_supp-000057,cinii_supp,inproceedings
inp0078,cinii_supp-000058,cinii_supp,inproceedings
inp0079,cinii_supp-000059,cinii_supp,inproceedings
inp0080,cinii_supp-000060,cinii_supp,inproceedings
inp0081,cinii_supp-000061,cinii_supp,inproceedings
inp0082,cinii_supp-000062,cinii_supp,inproceedings
inp0083,cinii_supp-000063,cinii_supp,inproceedings
inp0084,cinii_supp-000064,cinii_supp,inproceedings
inp0085,cinii_supp-000065,cinii_supp,inproceedings
inp0086,cinii_supp-000066,cinii_supp,inproceedings
inp0087,cinii_supp-000067,cinii_supp,inproceedings
inp0088,cinii_supp-000068,cinii_supp,inproceedings
inp0089,cinii_supp-000069,cinii_supp,inproceedings
inp0090,cinii_supp-000070,cinii_supp,inproceedings
inp0091,cinii_supp-000071,cinii_supp,inproceedings
inp0092,cinii_supp-000072,cinii_supp,inproceedings
inp0093,cinii_supp-000073,cinii_supp,inproceedings
inp0094,cinii_supp-000074,cinii_supp,inproceedings
inp0095,cinii_supp-000075,cinii_supp,inproceedings
inp0096,cinii_supp-000076,cinii_supp,inproceedings
inp0097,cinii_supp-000077,cinii_supp,inproceedings
inp0098,cinii_supp-000078,cinii_supp,inproceedings
inp0099,cinii_supp-000079,cinii_supp,inproceedings
inp0100,cinii_supp-000080,cinii_supp,inproceedings
inp0101,cinii_supp-000081,cinii_supp,inproceedings
inp0102,cinii_supp-000082,cinii_supp,inproceedings
inp0103,cinii_supp-000083,cinii_supp,inproceedings
inp0104,cinii_supp-000084,cinii_supp,inproceedings
inp0105,cinii_supp-000085,cinii_supp,inproceedings
inp0106,cinii_supp-000086,cinii_supp,inproceedings
inp0107,cinii_supp-000087,cinii_supp,inproceedings
inp0108,cinii_supp-000088,cinii_supp,inproceedings
inp0109,cinii_supp-000089,cinii_supp,inproceedings
inp0110,cinii_supp-000090,cinii_supp,inproceedings
inp0111,cinii_supp-000091,cinii_supp,inproceedings
inp0112,cinii_supp-000092,cinii_supp,inproceedings
inp0113,cinii_supp-000093,cinii_supp,inproceedings
inp0114,cinii_supp-000094,cinii_supp,inproceedings
inp0115,cinii_supp-000095,cinii_supp,inproceedings
inp0116,cinii_supp-000096,cinii_supp,inproceedings
inp0117,cinii_supp-000097,cinii_supp,inproceedings
inp0118,cinii_supp-000098,cinii_supp,inproceedings
inp0119,cinii_supp-000099,cinii_supp,inproceedings
inp0120,jstage-000201,jstage,inproceedings
inp0121,jstage-000202,jstage,inproceedings
inp0122,jstage-000203,jstage,inproceedings
inp0123,jstage-000204,jstage,inproceedings
inp0124,jstage-000205,jstage,inproceedings
inp0125,jstage-000206,jstage,inproceedings
inp0126,jstage-000207,jstage,inproceedings
inp0127,jstage-000208,jstage,inproceedings
inp0128,jstage-000209,jstage,inproceedings
inp0129,jstage-000210,jstage,inproceedings
inp0130,jstage-000211,jstage,inproceedings
inp0131,jstage-000212,jstage,inproceedings
inp0132,jstage-000213,jstage,inproceedings
inp0133,jstage-000214,jstage,inproceedings
inp0134,jstage-000215,jstage,inproceedings
inp0135,jstage-000216,jstage,inproceedings
inp0136,jstage-000217,jstage,inproceedings
inp0137,jstage-000218,jstage,inproceedings
inp0138,jstage-000219,jstage,inproceedings
inp0139,jstage-000220,jstage,inproceedings
inp0140,jstage-000221,jstage,inproceedings
inp0141,jstage-000222,jstage,inproceedings
inp0142,jstage-000223,jstage,inproceedings
inp0143,jstage-000224,jstage,inproceedings
inp0144,jstage-000225,jstage,inproceedings
inp0145,jstage-000226,jstage,inproceedings
inp0146,jstage-000227,jstage,inproceedings
inp0147,jstage-000228,jstage,inproceedings
inp0148,jstage-000229,jstage,inproceedings
inp0149,jstage-000230,jstage,inproceedings
inp0150,jstage-000231,jstage,inproceedings
inp0151,jstage-000232,jstage,inproceedings
inp0152,jstage-000233,jstage,inproceedings
inp0153,jstage-000234,jstage,inproceedings
inp0154,jstage-000235,jstage,inproceedings
inp0155,jstage-000236,jstage,inproceedings
inp0156,jstage-000237,jstage,inproceedings
inp0157,jstage-000238,jstage,inproceedings
inp0158,jstage-000239,jstage,inproceedings
inp0159,jstage-000240,jstage,inproceedings
inp0160,jstage-000241,jstage,inproceedings
inp0161,jstage-000242,jstage,inproceedings
inp0162,jstage-000243,jstage,inproceedings
inp0163,jstage-000244,jstage,inproceedings
inp0164,jstage-000245,jstage,inproceedings
inp0165,jstage-000246,jstage,inproceedings
inp0166,jstage-000247,jstage,inproceedings
inp0167,jstage-000248,jstage,inproceedings
inp0168,jstage-000249,jstage,inproceedings
inp0169,jstage-000250,jstage,inproceedings
inp0170,jstage-000251,jstage,inproceedings
inp0171,jstage-000252,jstage,inproceedings
inp0172,jstage-000253,jstage,inproceedings
inp0173,jstage-000254,jstage,inproceedings
inp0174,jstage-000255,jstage,inproceedings
inp0175,jstage-000256,jstage,inproceedings
inp0176,jstage-000257,jstage,inproceedings
inp0177,jstage-000258,jstage,inproceedings
inp0178,jstage-000259,jstage,inproceedings
inp0179,jstage-000260,jstage,inproceedings
inp0180,jstage-000261,jstage,inproceedings
inp0181,jstage-000262,jstage,inproceedings
inp0182,jstage-000263,jstage,inproceedings
inp0183,jstage-000264,jstage,inproceedings
inp0184,jstage-000265,jstage,inproceedings
inp0185,jstage-000266,jstage,inproceedings
inp0186,jstage-000267,jstage,inproceedings
inp0187,jstage-000268,jstage,inproceedings
inp0188,jstage-000269,jstage,inproceedings
inp0189,jstage-000270,jstage,inproceedings
inp0190,jstage-000271,jstage,inproceedings
inp0191,jstage-000272,jstage,inproceedings
inp0192,jstage-000273,jstage,inproceedings
inp0193,jstage-000274,jstage,inproceedings
inp0194,jstage-000275,jstage,inproceedings
inp0195,jstage-000276,jstage,inproceedings
inp0196,jstage-000277,jstage,inproceedings
inp0197,jstage-000278,jstage,inproceedings
inp0198,jstage-000279,jstage,inproceedings
inp0199,jstage-000280,jstage,inproceedings
inp0200,jstage-000281,jstage,inproceedings
inp0201,jstage-000282,jstage,inproceedings
inp0202,jstage-000283,jstage,inproceedings
inp0203,jstage-000284,jstage,inproceedings
inp0204,jstage-000285,jstage,inproceedings
inp0205,jstage-000286,jstage,inproceedings
inp0206,jstage-000287,jstage,inproceedings
inp0207,jstage-000288,jstage,inproceedings
inp0208,jstage-000289,jstage,inproceedings
inp0209,jstage-000290,jstage,inproceedings
inp0210,jstage-000291,jstage,inproceedings
inp0211,jstage-000292,jstage,inproceedings
inp0212,jstage-000293,jstage,inproceedings
inp0213,jstage-000294,jstage,inproceedings
inp0214,jstage-000295,jstage,inproceedings
inp0215,jstage-000296,jstage,inproceedings
inp0216,jstage-000297,jstage,inproceedings
inp0217,jstage-000298,jstage,inproceedings
inp0218,jstage-000299,jstage,inproceedings
inp0219,jstage-000300,jstage,inproceedings
inp0220,jstage-000301,jstage,inproceedings
inp0221,jstage-000302,jstage,inproceedings
inp0222,jstage-000303,jstage,inproceedings
inp0223,jstage-000304,jstage,inproceedings
inp0224,jstage-000305,jstage,inproceedings
inp0225,jstage-000306,jstage,inproceedings
inp0226,jstage-000307,jstage,inproceedings
inp0227,jstage-000308,jstage,inproceedings
inp0228,jstage-000309,jstage,inproceedings
inp0229,jstage-000310,jstage,inproceedings
inp0230,jstage-000311,jstage,inproceedings
inp0231,jstage-000312,jstage,inproceedings
inp0232,jstage-000313,jstage,inproceedings
inp0233,jstage-000314,jstage,inproceedings
inp0234,jstage-000315,jstage,inproceedings
inp0235,jstage-000316,jstage,inproceedings
inp0236,jstage-000317,jstage,inproceedings
inp0237,jstage-000318,jstage,inproceedings
inp0238,jstage-000319,jstage,inproceedings
inp0239,jstage-000320,jstage,inproceedings
inp0240,jstage-000321,jstage,inproceedings
inp0241,jstage-000322,jstage,inproceedings
inp0242,jstage-000323,jstage,inproceedings
inp0243,jstage-000324,jstage,inproceedings
inp0244,jstage-000325,jstage,inproceedings
inp0245,jstage-000326,jstage,inproceedings
inp0246,jstage-000327,jstage,inproceedings
inp0247,jstage-000328,jstage,inproceedings
inp0248,jstage-000329,jstage,inproceedings
inp0249,jstage-000330,jstage,inproceedings
bok0001,cinii-1970023484853127221,cinii,book
bok0002,cinii-1970023484873655440,cinii,book
bok0003,cinii-1970023484884716067,cinii,book
bok0004,cinii-1970023484941842724,cinii,book
bok0005,cinii-1970023484961045768,cinii,book
bok0006,cinii-1970023484969324044,cinii,book
bok0007,cinii-1970023484970969478,cinii,book
bok0008,cinii-1970023484980584194,cinii,book
bok0009,cinii-1970023484982484382,cinii,book
bok0010,cinii-1970023484985202708,cinii,book
bok0011,cinii-1970304959838192649,cinii,book
bok0012,cinii-1970304959846607290,cinii,book
bok0013,cinii-1970304959866512168,cinii,book
bok0014,cinii-1970304959905133860,cinii,book
bok0015,cinii-1970304959908551587,cinii,book
bok0016,cinii-1970304959916995617,cinii,book
bok0017,cinii-1970304959922698666,cinii,book
bok0018,cinii-1970304959928356001,cinii,book
bok0019,cinii-1970304959956496309,cinii,book
bok0020,cinii-1970586434800553630,cinii,book
bok0021,cinii-1970586434800666315,cinii,book
bok0022,cinii-1970586434802089483,cinii,book
bok0023,cinii-1970586434820809894,cinii,book
bok0024,cinii-1970586434826472235,cinii,book
bok0025,cinii-1970586434844543891,cinii,book
bok0026,cinii-1970586434874418348,cinii,book
bok0027,cinii-1970586434897381260,cinii,book
bok0028,cinii-1970586434930588604,cinii,book
bok0029,cinii-1970867909764584112,cinii,book
bok0030,cinii-1970867909787508542,cinii,book
bok0031,cinii-1970867909799965358,cinii,book
bok0032,cinii-1970867909807730831,cinii,book
bok0033,cinii-1970867909814671640,cinii,book
bok0034,cinii-1970867909817674135,cinii,book
bok0035,cinii-1970867909853705492,cinii,book
bok0036,cinii-1970867909855207307,cinii,book
bok0037,cinii-1970867909858701443,cinii,book
bok0038,cinii-1970867909873839758,cinii,book
bok0039,cinii-1970867909874137288,cinii,book
bok0040,cinii-1970867909874515886,cinii,book
bok0041,cinii-1970867909884152329,cinii,book
bok0042,cinii-1971149384744558499,cinii,book
bok0043,cinii-1971149384758843982,cinii,book
bok0044,cinii-1971149384770493977,cinii,book
bok0045,cinii-1971149384779664791,cinii,book
bok0046,cinii-1971149384800972049,cinii,book
bok0047,cinii-1971149384805209534,cinii,book
bok0048,cinii-1971149384806349340,cinii,book
bok0049,cinii-1971149384810031793,cinii,book
bok0050,cinii-1971149384810411412,cinii,book
bok0051,cinii-1971149384818487832,cinii,book
bok0052,cinii-1971149384824308133,cinii,book
bok0053,cinii-1971149384827195914,cinii,book
bok0054,cinii-1971149384833975974,cinii,book
bok0055,cinii-1971149384843201539,cinii,book
bok0056,cinii-1971149384856587063,cinii,book
bok0057,cinii-1971149384868992710,cinii,book
bok0058,cinii-1971149384869999890,cinii,book
bok0059,cinii-1971149384880205984,cinii,book
bok0060,cinii-1971149384890384191,cinii,book
bok0061,cinii-1971430859720896934,cinii,book
bok0062,cinii-1971430859729938697,cinii,book
bok0063,cinii-1971430859744107470,cinii,book
bok0064,cinii-1971430859748204841,cinii,book
bok0065,cinii-1971430859753757739,cinii,book
bok0066,cinii-1971430859766646460,cinii,book
bok0067,cinii-1971430859776538675,cinii,book
bok0068,cinii-1971430859782795025,cinii,book
bok0069,cinii-1971430859786846861,cinii,book
bok0070,cinii-1971430859811922751,cinii,book
bok0071,cinii-1971430859828146436,cinii,book
bok0072,cinii-1971430859844238860,cinii,book
bok0073,cinii-1971430859844796175,cinii,book
bok0074,cinii-1971430859851706766,cinii,book
bok0075,cinii-1971430859866004272,cinii,book
bok0076,cinii-1971712334710609835,cinii,book
bok0077,cinii-1971712334715115142,cinii,book
bok0078,cinii-1971712334726340899,cinii,book
bok0079,cinii-1971712334730602127,cinii,book
bok0080,cinii-1971712334732483608,cinii,book
bok0081,cinii-1971712334736623376,cinii,book
bok0082,cinii-1971712334749649300,cinii,book
bok0083,cinii-1971712334751163698,cinii,book
bok0084,cinii-1971712334764864169,cinii,book
bok0085,cinii-1971712334779083395,cinii,book
bok0086,cinii-1971712334781830156,cinii,book
bok0087,cinii-1971712334782921764,cinii,book
bok0088,cinii-1971712334801226118,cinii,book
bok0089,cinii-1971712334808894133,cinii,book
bok0090,cinii-1971712334820407326,cinii,book
bok0091,cinii-1971712334824239409,cinii,book
bok0092,cinii-1971712334824239519,cinii,book
bok0093,cinii-1971712334839558329,cinii,book
bok0094,cinii-1971712334840637732,cinii,book
bok0095,cinii-1971993809686382268,cinii,book
bok0096,cinii-1971993809699083014,cinii,book
bok0097,cinii-1971993809722836871,cinii,book
bok0098,cinii-1971993809735630242,cinii,book
bok0099,cinii-1971993809758111028,cinii,book
bok0100,cinii-1971993809764739257,cinii,book
bok0101,cinii-1971993809770905380,cinii,book
bok0102,cinii-1971993809803809577,cinii,book
bok0103,cinii-1971993809806948628,cinii,book
bok0104,cinii-1971993809822236433,cinii,book
bok0105,cinii-1971993809822597296,cinii,book
bok0106,ndl-R100000001-I11141111025432,ndl,book
bok0107,ndl-R100000001-I25110520151,ndl,book
bok0108,ndl-R100000001-I27211000080145017,ndl,book
bok0109,ndl-R100000001-I34211100285432,ndl,book
bok0110,ndl-R100000002-I000001508024,ndl,book
bok0111,ndl-R100000002-I000001579539,ndl,book
bok0112,ndl-R100000002-I000001619541,ndl,book
bok0113,ndl-R100000002-I000001707715,ndl,book
bok0114,ndl-R100000002-I000001764799,ndl,book
bok0115,ndl-R100000002-I000001773054,ndl,book
bok0116,ndl-R100000002-I000001778540,ndl,book
bok0117,ndl-R100000002-I000001794277,ndl,book
bok0118,ndl-R100000002-I000001812219,ndl,book
bok0119,ndl-R100000002-I000001823302,ndl,book
bok0120,ndl-R100000002-I000001840923,ndl,book
bok0121,ndl-R100000002-I000001872691,ndl,book
bok0122,ndl-R100000002-I000001931799,ndl,book
bok0123,ndl-R100000002-I000001951680,ndl,book
bok0124,ndl-R100000002-I000001993501,ndl,book
bok0125,ndl-R100000002-I000002044007,ndl,book
bok0126,ndl-R100000002-I000002105905,ndl,book
bok0127,ndl-R100000002-I000002117600,ndl,book
bok0128,ndl-R100000002-I000002224174,ndl,book
bok0129,ndl-R100000002-I000002250500,ndl,book
bok0130,ndl-R100000002-I000002263730,ndl,book
bok0131,ndl-R100000002-I000002291638,ndl,book
bok0132,ndl-R100000002-I000002311951,ndl,book
bok0133,ndl-R100000002-I000002313337,ndl,book
bok0134,ndl-R100000002-I000002333270,ndl,book
bok0135,ndl-R100000002-I000002365749,ndl,book
bok0136,ndl-R100000002-I000002379049,ndl,book
bok0137,ndl-R100000002-I000002404723,ndl,book
bok0138,ndl-R100000002-I000002440362,ndl,book
bok0139,ndl-R100000002-I000002497720,ndl,book
bok0140,ndl-R100000002-I000002541618,ndl,book
bok0141,ndl-R100000002-I000002544692,ndl,book
bok0142,ndl-R100000002-I000002567024,ndl,book
bok0143,ndl-R100000002-I000002649783,ndl,book
bok0144,ndl-R100000002-I000002768102,ndl,book
bok0145,ndl-R100000002-I000002805313,ndl,book
bok0146,ndl-R100000002-I000002936975,ndl,book
bok0147,ndl-R100000002-I000002959506,ndl,book
bok0148,ndl-R100000002-I000002966250,ndl,book
bok0149,ndl-R100000002-I000003638763,ndl,book
bok0150,ndl-R100000002-I000003989483,ndl,book
bok0151,ndl-R100000002-I000004218796,ndl,book
bok0152,ndl-R100000002-I000007671216,ndl,book
bok0153,ndl-R100000002-I000007681795,ndl,book
bok0154,ndl-R100000002-I000008234984,ndl,book
bok0155,ndl-R100000002-I000008304639,ndl,book
bok0156,ndl-R100000002-I000008535580,ndl,book
bok0157,ndl-R100000002-I000009186646,ndl,book
bok0158,ndl-R100000002-I000009206394,ndl,book
bok0159,ndl-R100000002-I000009286964,ndl,book
bok0160,ndl-R100000002-I000009517642,ndl,book
bok0161,ndl-R100000002-I000010072251,ndl,book
bok0162,ndl-R100000002-I000010670813,ndl,book
bok0163,ndl-R100000002-I000011227138,ndl,book
bok0164,ndl-R100000002-I023114643,ndl,book
bok0165,ndl-R100000002-I023975151,ndl,book
bok0166,ndl-R100000002-I023999065,ndl,book
bok0167,ndl-R100000002-I024027226,ndl,book
bok0168,ndl-R100000002-I024174340,ndl,book
bok0169,ndl-R100000002-I024193534,ndl,book
bok0170,ndl-R100000002-I024254243,ndl,book
bok0171,ndl-R100000002-I024384036,ndl,book
bok0172,ndl-R100000002-I024398280,ndl,book
bok0173,ndl-R100000002-I024418466,ndl,book
bok0174,ndl-R100000002-I024871586,ndl,book
bok0175,ndl-R100000002-I024871608,ndl,book
bok0176,ndl-R100000002-I025130479,ndl,book
bok0177,ndl-R100000002-I025250482,ndl,book
bok0178,ndl-R100000002-I025294984,ndl,book
bok0179,ndl-R100000002-I025354286,ndl,book
bok0180,ndl-R100000002-I025387559,ndl,book
bok0181,ndl-R100000002-I025500438,ndl,book
bok0182,ndl-R100000002-I026246137,ndl,book
bok0183,ndl-R100000002-I026411668,ndl,book
bok0184,ndl-R100000002-I026442214,ndl,book
bok0185,ndl-R100000002-I026751590,ndl,book
bok0186,ndl-R100000002-I027074733,ndl,book
bok0187,ndl-R100000002-I027190040,ndl,book
bok0188,ndl-R100000002-I027227873,ndl,book
bok0189,ndl-R100000002-I027241907,ndl,book
bok0190,ndl-R100000002-I027669783,ndl,book
bok0191,ndl-R100000002-I027842897,ndl,book
bok0192,ndl-R100000002-I027926986,ndl,book
bok0193,ndl-R100000002-I027970380,ndl,book
bok0194,ndl-R100000002-I028035569,ndl,book
bok0195,ndl-R100000002-I028175420,ndl,book
bok0196,ndl-R100000002-I028384600,ndl,book
bok0197,ndl-R100000002-I028393594,ndl,book
bok0198,ndl-R100000002-I028570971,ndl,book
bok0199,ndl-R100000002-I028577364,ndl,book
bok0200,ndl-R100000002-I028760863,ndl,book
bok0201,ndl-R100000002-I028810000,ndl,book
bok0202,ndl-R100000002-I028824171,ndl,book
bok0203,ndl-R100000002-I028865289,ndl,book
bok0204,ndl-R100000002-I028891922,ndl,book
bok0205,ndl-R100000002-I028934215,ndl,book
bok0206,ndl-R100000002-I028952930,ndl,book
bok0207,ndl-R100000002-I029110928,ndl,book
bok0208,ndl-R100000002-I029169011,ndl,book
bok0209,ndl-R100000002-I029186685,ndl,book
bok0210,ndl-R100000002-I029418340,ndl,book
bok0211,ndl-R100000002-I030085391,ndl,book
bok0212,ndl-R100000002-I030098369,ndl,book
bok0213,ndl-R100000002-I030113545,ndl,book
bok0214,ndl-R100000002-I030228259,ndl,book
bok0215,ndl-R100000002-I030408164,ndl,book
bok0216,ndl-R100000002-I030438768,ndl,book
bok0217,ndl-R100000002-I030484615,ndl,book
bok0218,ndl-R100000002-I031365532,ndl,book
bok0219,ndl-R100000002-I031544876,ndl,book
bok0220,ndl-R100000002-I031703957,ndl,book
bok0221,ndl-R100000002-I031820719,ndl,book
bok0222,ndl-R100000002-I031840232,ndl,book
bok0223,ndl-R100000002-I031906471,ndl,book
bok0224,ndl-R100000002-I032160309,ndl,book
bok0225,ndl-R100000002-I032504500,ndl,book
bok0226,ndl-R100000002-I032625148,ndl,book
bok0227,ndl-R100000002-I032746294,ndl,book
bok0228,ndl-R100000002-I033037651,ndl,book
bok0229,ndl-R100000002-I033159054,ndl,book
bok0230,ndl-R100000002-I033323645,ndl,book
bok0231,ndl-R100000002-I033438193,ndl,book
bok0232,ndl-R100000002-I033541503,ndl,book
bok0233,ndl-R100000002-I033548681,ndl,book
bok0234,ndl-R100000002-I033838287,ndl,book
bok0235,ndl-R100000002-I033905467,ndl,book
bok0236,ndl-R100000002-I034221524,ndl,book
bok0237,ndl-R100000002-I034249280,ndl,book
bok0238,ndl-R100000002-I034480225,ndl,book
bok0239,ndl-R100000002-I034516538,ndl,book
bok0240,ndl-R100000002-I034714816,ndl,book
bok0241,ndl-R100000002-I034774167,ndl,book
bok0242,ndl-R100000136-I1970304959838111639,ndl,book
bok0243,ndl-R100000136-I1970304959918429447,ndl,book
bok0244,ndl-R100000136-I1970586434828518563,ndl,book
bok0245,ndl-R100000136-I1970586434935430096,ndl,book
bok0246,ndl-R100000136-I1970867909860757504,ndl,book
bok0247,ndl-R100000136-I1970867909913481010,ndl,book
bok0248,ndl-R100000136-I1971149384884957318,ndl,book
bok0249,ndl-R100000136-I1971712334823934466,ndl,book
web0001,webmisc-000001,webmisc,misc
web0002,webmisc-000002,webmisc,misc
web0003,webmisc-000003,webmisc,misc
web0004,webmisc-000004,webmisc,misc
web0005,webmisc-000005,webmisc,misc
web0006,webmisc-000006,webmisc,misc
web0007,webmisc-000007,webmisc,misc
web0008,webmisc-000008,webmisc,misc
web0009,webmisc-000009,webmisc,misc
web0010,webmisc-000010,webmisc,misc
web0011,webmisc-000011,webmisc,misc
web0012,webmisc-000012,webmisc,misc
web0013,webmisc-000013,webmisc,misc
web0014,webmisc-000014,webmisc,misc
web0015,webmisc-000015,webmisc,misc
web0016,webmisc-000016,webmisc,misc
web0017,webmisc-000017,webmisc,misc
web0018,webmisc-000018,webmisc,misc
web0019,webmisc-000019,webmisc,misc
web0020,webmisc-000020,webmisc,misc
web0021,webmisc-000021,webmisc,misc
web0022,webmisc-000022,webmisc,misc
web0023,webmisc-000023,webmisc,misc
web0024,webmisc-000024,webmisc,misc
web0025,webmisc-000025,webmisc,misc
web0026,webmisc-000026,webmisc,misc
web0027,webmisc-000027,webmisc,misc
web0028,webmisc-000028,webmisc,misc
web0029,webmisc-000029,webmisc,misc
web0030,webmisc-000030,webmisc,misc
web0031,webmisc-000031,webmisc,misc
web0032,webmisc-000032,webmisc,misc
web0033,webmisc-000033,webmisc,misc
web0034,webmisc-000034,webmisc,misc
web0035,webmisc-000035,webmisc,misc
web0036,webmisc-000036,webmisc,misc
web0037,webmisc-000037,webmisc,misc
web0038,webmisc-000038,webmisc,misc
web0039,webmisc-000039,webmisc,misc
web0040,webmisc-000040,webmisc,misc
web0041,webmisc-000041,webmisc,misc
web0042,webmisc-000042,webmisc,misc
web0043,webmisc-000043,webmisc,misc
web0044,webmisc-000044,webmisc,misc
web0045,webmisc-000045,webmisc,misc
web0046,webmisc-000046,webmisc,misc
web0047,webmisc-000047,webmisc,misc
web0048,webmisc-000048,webmisc,misc
web0049,webmisc-000049,webmisc,misc
web0050,webmisc-000050,webmisc,misc
web0051,webmisc-000051,webmisc,misc
web0052,webmisc-000052,webmisc,misc
web0053,webmisc-000053,webmisc,misc
web0054,webmisc-000054,webmisc,misc
web0055,webmisc-000055,webmisc,misc
web0056,webmisc-000056,webmisc,misc
web0057,webmisc-000057,webmisc,misc
web0058,webmisc-000058,webmisc,misc
web0059,webmisc-000059,webmisc,misc
web0060,webmisc-000060,webmisc,misc
web0061,webmisc-000061,webmisc,misc
web0062,webmisc-000062,webmisc,misc
web0063,webmisc-000063,webmisc,misc
web0064,webmisc-000064,webmisc,misc
web0065,webmisc-000065,webmisc,misc
web0066,webmisc-000066,webmisc,misc
web0067,webmisc-000067,webmisc,misc
web0068,webmisc-000068,webmisc,misc
web0069,webmisc-000069,webmisc,misc
web0070,webmisc-000070,webmisc,misc
web0071,webmisc-000071,webmisc,misc
web0072,webmisc-000072,webmisc,misc
web0073,webmisc-000073,webmisc,misc
web0074,webmisc-000074,webmisc,misc
web0075,webmisc-000075,webmisc,misc
web0076,webmisc-000076,webmisc,misc
web0077,webmisc-000077,webmisc,misc
web0078,webmisc-000078,webmisc,misc
web0079,webmisc-000079,webmisc,misc
web0080,webmisc-000080,webmisc,misc
web0081,webmisc-000081,webmisc,misc
web0082,webmisc-000082,webmisc,misc
web0083,webmisc-000083,webmisc,misc
web0084,webmisc-000084,webmisc,misc
web0085,webmisc-000085,webmisc,misc
web0086,webmisc-000086,webmisc,misc
web0087,webmisc-000087,webmisc,misc
web0088,webmisc-000088,webmisc,misc
web0089,webmisc-000089,webmisc,misc
web0090,webmisc-000090,webmisc,misc
web0091,webmisc-000091,webmisc,misc
web0092,webmisc-000092,webmisc,misc
web0093,webmisc-000093,webmisc,misc
web0094,webmisc-000094,webmisc,misc
web0095,webmisc-000095,webmisc,misc
web0096,webmisc-000096,webmisc,misc
web0097,webmisc-000097,webmisc,misc
web0098,webmisc-000098,webmisc,misc
web0099,webmisc-000099,webmisc,misc
web0100,webmisc-000100,webmisc,misc
web0101,webmisc-000101,webmisc,misc
web0102,webmisc-000102,webmisc,misc
web0103,webmisc-000103,webmisc,misc
web0104,webmisc-000104,webmisc,misc
web0105,webmisc-000105,webmisc,misc
web0106,webmisc-000106,webmisc,misc
web0107,webmisc-000107,webmisc,misc
web0108,webmisc-000108,webmisc,misc
web0109,webmisc-000109,webmisc,misc
web0110,webmisc-000110,webmisc,misc
web0111,webmisc-000111,webmisc,misc
web0112,webmisc-000112,webmisc,misc
web0113,webmisc-000113,webmisc,misc
web0114,webmisc-000114,webmisc,misc
web0115,webmisc-000115,webmisc,misc
web0116,webmisc-000116,webmisc,misc
web0117,webmisc-000117,webmisc,misc
web0118,webmisc-000118,webmisc,misc
web0119,webmisc-000119,webmisc,misc
web0120,webmisc-000120,webmisc,misc
web0121,webmisc-000121,webmisc,misc
web0122,webmisc-000122,webmisc,misc
web0123,webmisc-000123,webmisc,misc
web0124,webmisc-000124,webmisc,misc
web0125,webmisc-000125,webmisc,misc
web0126,webmisc-000126,webmisc,misc
web0127,webmisc-000127,webmisc,misc
web0128,webmisc-000128,webmisc,misc
web0129,webmisc-000129,webmisc,misc
web0130,webmisc-000130,webmisc,misc
web0131,webmisc-000131,webmisc,misc
web0132,webmisc-000132,webmisc,misc
web0133,webmisc-000133,webmisc,misc
web0134,webmisc-000134,webmisc,misc
web0135,webmisc-000135,webmisc,misc
web0136,webmisc-000136,webmisc,misc
web0137,webmisc-000137,webmisc,misc
web0138,webmisc-000138,webmisc,misc
web0139,webmisc-000139,webmisc,misc
web0140,webmisc-000140,webmisc,misc
web0141,webmisc-000141,webmisc,misc
web0142,webmisc-000142,webmisc,misc
web0143,webmisc-000143,webmisc,misc
web0144,webmisc-000144,webmisc,misc
web0145,webmisc-000145,webmisc,misc
web0146,webmisc-000146,webmisc,misc
web0147,webmisc-000147,webmisc,misc
web0148,webmisc-000148,webmisc,misc
web0149,webmisc-000149,webmisc,misc
web0150,webmisc-000150,webmisc,misc
web0151,webmisc-000151,webmisc,misc
web0152,webmisc-000152,webmisc,misc
web0153,webmisc-000153,webmisc,misc
web0154,webmisc-000154,webmisc,misc
web0155,webmisc-000155,webmisc,misc
web0156,webmisc-000156,webmisc,misc
web0157,webmisc-000157,webmisc,misc
web0158,webmisc-000158,webmisc,misc
web0159,webmisc-000159,webmisc,misc
web0160,webmisc-000160,webmisc,misc
web0161,webmisc-000161,webmisc,misc
web0162,webmisc-000162,webmisc,misc
web0163,webmisc-000163,webmisc,misc
web0164,webmisc-000164,webmisc,misc
web0165,webmisc-000165,webmisc,misc
web0166,webmisc-000166,webmisc,misc
web0167,webmisc-000167,webmisc,misc
web0168,webmisc-000168,webmisc,misc
web0169,webmisc-000169,webmisc,misc
web0170,webmisc-000170,webmisc,misc
web0171,webmisc-000171,webmisc,misc
web0172,webmisc-000172,webmisc,misc
web0173,webmisc-000173,webmisc,misc
web0174,webmisc-000174,webmisc,misc
web0175,webmisc-000175,webmisc,misc
web0176,webmisc-000176,webmisc,misc
web0177,webmisc-000177,webmisc,misc
web0178,webmisc-000178,webmisc,misc
web0179,webmisc-000179,webmisc,misc
web0180,webmisc-000180,webmisc,misc
web0181,webmisc-000181,webmisc,misc
web0182,webmisc-000182,webmisc,misc
web0183,webmisc-000183,webmisc,misc
web0184,webmisc-000184,webmisc,misc
web0185,webmisc-000185,webmisc,misc
web0186,webmisc-000186,webmisc,misc
web0187,webmisc-000187,webmisc,misc
web0188,webmisc-000188,webmisc,misc
web0189,webmisc-000189,webmisc,misc
web0190,webmisc-000190,webmisc,misc
web0191,webmisc-000191,webmisc,misc
web0192,webmisc-000192,webmisc,misc
web0193,webmisc-000193,webmisc,misc
web0194,webmisc-000194,webmisc,misc
